University Name,Position Title,Link to Job,Application Due Date
Case Western Reserve University,Full-Time Lecturer in Sociology,https://apply.interfolio.com/185845,"June 17, 2026"
Amherst College,Visiting Assistant Professor of Environmental Studies,https://apply.interfolio.com/185137,"May 23, 2026 (priority May 4, 2026)"
Massachusetts Institute of Technology,Postdoctoral Associate - Stone Center on Inequality & Shaping the Future of Work,https://careers.peopleclick.com/careerscp/client_mit/external/jobDetails/jobDetail.html?jobPostId=34041&localeCode=en-us,"June 15, 2026"
Pomona College,Visiting Assistant Professor of Sociology (three-year),https://theclaremontcolleges.wd1.myworkdayjobs.com/POM-faculty-jobs/job/Claremont/Visiting-Assistant-Professor-of-Sociology_REQ-7956,"Open until filled (review began April 15, 2026)"
Pomona College,Visiting Assistant Professor of Sociology (one-year),https://theclaremontcolleges.wd1.myworkdayjobs.com/POM-faculty-jobs/job/Claremont/Visiting-Assistant-Professor-of-Sociology_REQ-7951-1,"Open until filled (review began April 15, 2026)"
Rhode Island College,Assistant Professor of Sociology (Tenure Track),https://employment.ric.edu/postings/10662,"June 3, 2026"
Eastern Connecticut State University,Visiting Assistant Professor of Sociology (1-year appointment),"https://easternct.interviewexchange.com/ — navigate via Eastern Connecticut State University HR > Employment > Faculty Positions; select ""Visiting Assistant Professor of Sociology""","May 31, 2026 (priority consideration)"
Washington College,Visiting Assistant Professor of Sociology (2-year appointment),https://careercenter.asanet.org/job/1311495/visiting-assistant-professor-of-sociology/,"May 11, 2026"
Grand Valley State University,Visiting Faculty in Sociology (renewable 1-year appointment),https://careercenter.asanet.org/job/1311498/visiting-faculty-in-sociology/,"May 13, 2026"
